{"length": {"m": 1, "km": 1000.0, "mi": 1609.344, "dm": 0.1, "cm": 0.01, "mm": 0.001, "\u00b5m": 0.001, "nm": 0.001, "lea": 4828.032, "fur": 201.168, "ch": 20.1168, "rd": 5.0292, "yd": 0.9144, "cu": 0.4572, "ft": 0.3048, "sp": 0.2286, "hd": 0.1016, "in": 0.0254, "ln": 0.0021666666666, "cl": 0.000254, "mil": 2.54e-05, "nl": 5556.0, "nmi": 1853.1848, "ftm": 1.8288}, "weight": {"g": 1.0, "mg": 0.001, "\u00b5g": 1e-06, "q": 100000.0, "t": 1000000.0, "ct": 0.2, "N": 980.665, "st": 6350.29318, "lb": 453.59237, "oz": 28.349523125, "dr": 1.7718451953125, "gr": 0.06479891}}
